{
  "version": "0.1.0",
  "name": "uog_marketplace",
  "instructions": [
    {
      "name": "initializeMarket",
      "docs": [
        "Inisialisasi Market Config + simpan fee rates"
      ],
      "accounts": [
        {
          "name": "marketConfig",
          "isMut": true,
          "isSigner": false
        },
        {
          "name": "treasuryPda",
          "isMut": false,
          "isSigner": false
        },
        {
          "name": "admin",
          "isMut": true,
          "isSigner": true
        },
        {
          "name": "systemProgram",
          "isMut": false,
          "isSigner": false
        }
      ],
      "args": [
        {
          "name": "mintFeeBps",
          "type": "u16"
        },
        {
          "name": "tradeFeeBps",
          "type": "u16"
        }
      ]
    },
    {
      "name": "mintAndList",
      "docs": [
        "Mint + Buat Metadata + Approve Escrow + Bayar Fee Minting"
      ],
      "accounts": [
        {
          "name": "listing",
          "isMut": true,
          "isSigner": false
        },
        {
          "name": "escrowSigner",
          "isMut": false,
          "isSigner": false
        },
        {
          "name": "seller",
          "isMut": true,
          "isSigner": true
        },
        {
          "name": "mint",
          "isMut": true,
          "isSigner": false
        },
        {
          "name": "sellerNftAta",
          "isMut": true,
          "isSigner": false
        },
        {
          "name": "mintAuthority",
          "isMut": false,
          "isSigner": false
        },
        {
          "name": "treasuryPda",
          "isMut": true,
          "isSigner": false
        },
        {
          "name": "marketConfig",
          "isMut": true,
          "isSigner": false
        },
        {
          "name": "metadata",
          "isMut": true,
          "isSigner": false
        },
        {
          "name": "tokenMetadataProgram",
          "isMut": false,
          "isSigner": false
        },
        {
          "name": "payer",
          "isMut": true,
          "isSigner": true
        },
        {
          "name": "updateAuthority",
          "isMut": false,
          "isSigner": false
        },
        {
          "name": "tokenProgram",
          "isMut": false,
          "isSigner": false
        },
        {
          "name": "systemProgram",
          "isMut": false,
          "isSigner": false
        },
        {
          "name": "rent",
          "isMut": false,
          "isSigner": false
        }
      ],
      "args": [
        {
          "name": "price",
          "type": "u64"
        },
        {
          "name": "useSol",
          "type": "bool"
        },
        {
          "name": "name",
          "type": "string"
        },
        {
          "name": "symbol",
          "type": "string"
        },
        {
          "name": "uri",
          "type": "string"
        },
        {
          "name": "sellerFeeBasisPoints",
          "type": "u16"
        }
      ]
    },
    {
      "name": "buyNft",
      "docs": [
        "Buy NFT"
      ],
      "accounts": [
        {
          "name": "listing",
          "isMut": true,
          "isSigner": false
        },
        {
          "name": "escrowSigner",
          "isMut": false,
          "isSigner": false
        },
        {
          "name": "buyer",
          "isMut": true,
          "isSigner": true
        },
        {
          "name": "seller",
          "isMut": true,
          "isSigner": false
        },
        {
          "name": "treasuryPda",
          "isMut": false,
          "isSigner": false
        },
        {
          "name": "buyerNftAta",
          "isMut": true,
          "isSigner": false
        },
        {
          "name": "sellerNftAta",
          "isMut": true,
          "isSigner": false
        },
        {
          "name": "marketConfig",
          "isMut": true,
          "isSigner": false
        },
        {
          "name": "tokenProgram",
          "isMut": false,
          "isSigner": false
        },
        {
          "name": "systemProgram",
          "isMut": false,
          "isSigner": false
        }
      ],
      "args": []
    },
    {
      "name": "withdrawTreasury",
      "docs": [
        "Withdraw treasury"
      ],
      "accounts": [
        {
          "name": "marketConfig",
          "isMut": true,
          "isSigner": false
        },
        {
          "name": "treasuryPda",
          "isMut": false,
          "isSigner": false
        },
        {
          "name": "admin",
          "isMut": true,
          "isSigner": true
        },
        {
          "name": "systemProgram",
          "isMut": false,
          "isSigner": false
        }
      ],
      "args": [
        {
          "name": "amount",
          "type": "u64"
        }
      ]
    },
    {
      "name": "initializeTreasury",
      "accounts": [
        {
          "name": "treasuryPda",
          "isMut": true,
          "isSigner": false
        },
        {
          "name": "admin",
          "isMut": true,
          "isSigner": true
        },
        {
          "name": "systemProgram",
          "isMut": false,
          "isSigner": false
        }
      ],
      "args": []
    },
    {
      "name": "updateMarketConfig",
      "accounts": [
        {
          "name": "marketConfig",
          "isMut": true,
          "isSigner": false
        },
        {
          "name": "admin",
          "isMut": false,
          "isSigner": true
        }
      ],
      "args": [
        {
          "name": "newMintFeeBps",
          "type": "u16"
        },
        {
          "name": "newTradeFeeBps",
          "type": "u16"
        },
        {
          "name": "newTreasuryBump",
          "type": "u8"
        }
      ]
    },
    {
      "name": "migrateMarketConfig",
      "accounts": [
        {
          "name": "legacyMarketConfig",
          "isMut": true,
          "isSigner": false
        },
        {
          "name": "newMarketConfig",
          "isMut": true,
          "isSigner": false
        },
        {
          "name": "admin",
          "isMut": true,
          "isSigner": true
        },
        {
          "name": "systemProgram",
          "isMut": false,
          "isSigner": false
        }
      ],
      "args": [
        {
          "name": "mintFeeBps",
          "type": "u16"
        },
        {
          "name": "tradeFeeBps",
          "type": "u16"
        }
      ]
    }
  ],
  "accounts": [
    {
      "name": "Listing",
      "type": {
        "kind": "struct",
        "fields": [
          {
            "name": "seller",
            "type": "publicKey"
          },
          {
            "name": "nftMint",
            "type": "publicKey"
          },
          {
            "name": "price",
            "type": "u64"
          },
          {
            "name": "useSol",
            "type": "bool"
          },
          {
            "name": "bump",
            "type": "u8"
          }
        ]
      }
    },
    {
      "name": "MarketConfig",
      "type": {
        "kind": "struct",
        "fields": [
          {
            "name": "admin",
            "type": "publicKey"
          },
          {
            "name": "mintFeeBps",
            "type": "u16"
          },
          {
            "name": "tradeFeeBps",
            "type": "u16"
          },
          {
            "name": "treasuryBump",
            "type": "u8"
          }
        ]
      }
    },
    {
      "name": "LegacyMarketConfig",
      "type": {
        "kind": "struct",
        "fields": [
          {
            "name": "admin",
            "type": "publicKey"
          },
          {
            "name": "feeBps",
            "type": "u16"
          },
          {
            "name": "treasuryBump",
            "type": "u8"
          }
        ]
      }
    }
  ],
  "errors": [
    {
      "code": 6000,
      "name": "InvalidPrice",
      "msg": "Invalid price"
    },
    {
      "code": 6001,
      "name": "FeeTooHigh",
      "msg": "Fee too high"
    }
  ]
}
